feature,importance
temperature,0.12351730022894392
pressure,0.12162728875499236
vibration,0.1267605453780391
rpm,0.13572275406730255
power_consumption,0.12705307810440575
oil_level,0.13373584606486014
temperature_pressure_ratio,0.11702333050373181
vibration_rpm_ratio,0.11455985689772454
